id,source_lon,source_lat,target_lon,target_lat,bucket
short_0001,6.654402,52.760071,6.681002,52.757143,short
medium_0001,5.684387,53.198785,5.934359,53.242084,medium
long_0001,6.103335,53.104580,5.493868,52.886027,long
short_0002,6.144050,52.759252,6.201506,52.754164,short
medium_0002,6.514688,53.138975,6.453136,53.175916,medium
long_0002,6.916532,53.292718,5.875874,53.316470,long
short_0003,6.486565,52.810366,6.468447,52.807883,short
medium_0003,6.576494,52.761806,6.206597,52.799557,medium
long_0003,6.453350,53.095028,6.864583,53.210845,long
short_0004,6.074597,53.150697,6.055032,53.113284,short
medium_0004,6.856095,53.028736,6.441275,53.120183,medium
long_0004,6.764271,53.004968,5.927028,53.159638,long
short_0005,6.915450,52.706854,6.912467,52.707339,short
medium_0005,6.966877,53.210743,6.997351,53.164996,medium
long_0005,6.459351,52.822557,5.853179,53.019049,long
short_0006,5.634672,52.885081,5.604472,52.885663,short
medium_0006,6.433140,53.165221,6.565036,53.275382,medium
long_0006,7.048331,53.141394,5.813568,53.281838,long
short_0007,7.010244,53.117410,7.027961,53.111525,short
medium_0007,6.532217,52.941520,6.623945,52.952776,medium
long_0007,6.875441,52.797823,5.716648,53.147884,long
short_0008,6.913607,52.694115,6.920717,52.721505,short
medium_0008,5.686728,52.977072,5.515404,53.175229,medium
long_0008,7.122220,53.025278,6.274655,52.749848,long
short_0009,7.154278,53.056330,7.151639,53.085066,short
medium_0009,6.827880,52.744035,6.890120,52.869989,medium
long_0009,6.773000,52.898341,5.894532,52.996724,long
short_0010,7.088766,53.062509,7.116273,53.060001,short
medium_0010,6.157176,53.324095,6.164822,53.091376,medium
long_0010,6.565323,53.027548,7.056128,52.753786,long
short_0011,6.799728,52.735381,6.827442,52.756692,short
medium_0011,6.361115,53.323816,6.458129,53.317862,medium
long_0011,6.910617,52.650767,7.088114,52.971736,long
short_0012,6.534793,53.258407,6.515753,53.297771,short
medium_0012,6.594485,53.290605,6.850823,53.352346,medium
long_0012,5.627403,53.137815,6.506435,53.388950,long
short_0013,5.716225,53.074435,5.717318,53.077973,short
medium_0013,5.959672,53.077863,5.888953,53.049729,medium
long_0013,6.617248,53.181656,6.732586,52.686327,long
short_0014,6.140979,53.267970,6.175770,53.256165,short
medium_0014,5.725176,52.899584,5.488530,52.880528,medium
long_0014,6.730861,52.896714,6.390415,53.252181,long
short_0015,6.378555,52.912952,6.377592,52.924414,short
medium_0015,5.648758,53.200695,5.709103,53.049062,medium
long_0015,6.294237,52.691791,6.780242,53.122808,long
short_0016,6.191292,52.762090,6.205986,52.727484,short
medium_0016,6.868425,52.683777,6.991364,52.692484,medium
long_0016,5.817499,53.274833,6.444794,53.256037,long
short_0017,5.803384,53.337798,5.747546,53.310618,short
medium_0017,6.850239,52.995643,6.881716,53.223436,medium
long_0017,6.219747,52.729126,6.758835,52.701234,long
short_0018,5.763767,53.065973,5.769138,53.059859,short
medium_0018,5.980153,53.197740,6.136317,53.142898,medium
long_0018,6.175117,53.205765,6.609765,52.688551,long
short_0019,6.890616,53.166932,6.874579,53.171048,short
medium_0019,6.697299,53.431209,6.637936,53.358660,medium
long_0019,6.752198,53.449382,5.577356,53.181829,long
short_0020,6.316188,52.927316,6.261654,52.945290,short
medium_0020,6.046733,52.980772,6.195618,53.110413,medium
long_0020,5.872770,53.193816,6.502797,53.212151,long
short_0021,7.214866,53.216755,7.171317,53.236631,short
medium_0021,6.658087,53.448059,6.899660,53.300351,medium
long_0021,5.805896,52.928031,6.331780,52.785953,long
short_0022,5.469423,53.138960,5.479639,53.137576,short
medium_0022,6.910827,53.067932,6.598253,53.118028,medium
long_0022,5.833234,53.085631,6.571097,53.257910,long
short_0023,7.006118,52.665234,7.045396,52.683093,short
medium_0023,7.160635,53.228739,7.095306,53.001960,medium
long_0023,6.870973,53.241622,6.079679,53.152460,long
short_0024,6.421544,53.149755,6.382433,53.178344,short
medium_0024,6.841318,52.896194,6.530566,52.758296,medium
long_0024,5.709910,52.898238,6.565041,52.961367,long
short_0025,6.210844,52.911581,6.179527,52.892686,short
medium_0025,6.140637,52.752087,6.213648,52.708976,medium
long_0025,6.137665,52.934173,6.526992,53.103862,long
short_0026,6.613520,53.330432,6.579666,53.344452,short
medium_0026,5.711940,53.127164,5.671866,53.057858,medium
long_0026,6.773438,53.108070,6.075645,53.326762,long
short_0027,5.643945,53.183931,5.670023,53.166221,short
medium_0027,6.508597,52.831967,6.551855,52.923111,medium
long_0027,5.648043,53.297699,6.146111,53.093437,long
short_0028,5.820066,52.938302,5.834026,52.959176,short
medium_0028,5.849293,53.126760,5.543147,53.080946,medium
long_0028,6.193754,53.303344,6.718578,52.731246,long
short_0029,6.669157,53.116349,6.716211,53.108993,short
medium_0029,6.334417,53.065196,5.967473,53.207776,medium
long_0029,5.994418,53.015716,6.566198,52.676083,long
short_0030,6.440970,53.145692,6.408880,53.124731,short
medium_0030,6.453039,52.718873,6.207158,52.788307,medium
long_0030,6.664812,53.078445,5.993955,53.221546,long
short_0031,6.992193,53.224966,7.044519,53.209027,short
medium_0031,5.753126,52.977379,5.752715,52.874927,medium
long_0031,6.388915,53.140355,6.484126,52.645017,long
short_0032,5.578286,53.209840,5.581404,53.216190,short
medium_0032,6.079590,53.134891,5.961349,53.387538,medium
long_0032,6.630656,53.406524,5.922903,53.376978,long
short_0033,6.338462,53.199429,6.271014,53.199735,short
medium_0033,5.967758,52.942915,6.007271,52.901642,medium
long_0033,5.979809,53.135994,5.493309,53.062586,long
short_0034,5.416610,53.052781,5.418605,53.053548,short
medium_0034,5.752112,52.976967,5.629754,53.015049,medium
long_0034,6.666749,52.855599,6.819003,53.330047,long
short_0035,5.890113,52.841839,5.905535,52.837762,short
medium_0035,5.748705,52.819528,5.891934,52.895328,medium
long_0035,6.115024,53.203887,6.795850,52.934476,long
short_0036,5.978072,53.099682,5.968702,53.100423,short
medium_0036,6.259856,52.837933,6.145991,52.834803,medium
long_0036,6.449311,53.345051,6.999970,53.177514,long
short_0037,6.603388,53.070902,6.611541,53.047375,short
medium_0037,6.472033,53.079953,6.181502,53.086886,medium
long_0037,6.906139,52.747255,7.123192,53.074325,long
short_0038,5.549200,53.271070,5.571827,53.249890,short
medium_0038,6.370028,52.911345,6.443601,52.848140,medium
long_0038,6.588445,53.381643,5.989065,53.358992,long
short_0039,6.780270,53.257416,6.721300,53.249953,short
medium_0039,6.747227,52.711461,6.745884,52.758994,medium
long_0039,6.306790,52.906835,6.964505,52.806205,long
short_0040,6.287201,53.310315,6.267812,53.338337,short
medium_0040,6.651968,53.372187,6.872836,53.409692,medium
long_0040,6.014188,53.358204,6.524456,52.703146,long
short_0041,5.798492,52.992875,5.858247,53.010486,short
medium_0041,7.141096,52.925712,6.946642,53.093792,medium
long_0041,7.066927,53.086750,5.523737,53.035228,long
short_0042,6.620952,52.998160,6.606579,53.001469,short
medium_0042,5.733392,53.058799,6.117729,53.055225,medium
long_0042,6.716944,53.167465,7.184862,53.140521,long
short_0043,5.815382,53.140806,5.858208,53.121254,short
medium_0043,6.356634,53.375699,6.756850,53.415231,medium
long_0043,7.149928,53.133317,6.370646,52.748522,long
short_0044,6.357529,52.834205,6.342410,52.866703,short
medium_0044,6.450159,52.897490,6.457457,52.946309,medium
long_0044,6.939552,52.884988,6.391188,53.345255,long
short_0045,6.019778,52.897740,5.960256,52.923420,short
medium_0045,5.889584,53.191637,5.995461,53.049625,medium
long_0045,6.542954,53.254990,5.826109,52.858096,long
short_0046,6.351647,52.964088,6.350038,52.984017,short
medium_0046,7.119942,53.043259,6.856614,52.972952,medium
long_0046,6.055141,52.992826,5.375501,53.042247,long
short_0047,5.857814,53.358280,5.849448,53.358855,short
medium_0047,6.741775,52.855279,6.577394,52.754149,medium
long_0047,6.897118,52.974339,6.226375,52.966986,long
short_0048,6.764903,52.707465,6.761135,52.731158,short
medium_0048,6.844823,53.213366,6.641652,53.310634,medium
long_0048,5.580355,53.219283,6.579409,53.430595,long
short_0049,7.007420,53.183179,6.989879,53.188881,short
medium_0049,6.434168,53.225040,6.720940,53.202490,medium
long_0049,7.029003,53.156398,6.617634,52.774242,long
short_0050,6.510501,52.945710,6.512181,52.905207,short
medium_0050,6.961711,53.049325,6.737852,52.997359,medium
long_0050,7.048827,52.799329,5.946655,53.326212,long
short_0051,7.184218,53.048259,7.193317,53.055325,short
medium_0051,7.032879,52.844975,6.809537,52.793295,medium
long_0051,6.489654,52.944935,5.516925,53.035301,long
short_0052,5.491273,53.183285,5.478343,53.179676,short
medium_0052,6.861292,53.116616,6.866998,53.255264,medium
long_0052,6.634473,53.394953,6.339941,53.022182,long
short_0053,6.271066,52.812606,6.259056,52.811443,short
medium_0053,6.524482,53.283806,6.927652,53.178294,medium
long_0053,6.336398,52.684420,6.692652,53.083704,long
short_0054,6.791257,52.840072,6.773337,52.830195,short
medium_0054,6.527225,52.865026,6.128117,52.903451,medium
long_0054,5.776520,53.308781,6.416805,53.213139,long
short_0055,6.522908,53.165696,6.574851,53.160848,short
medium_0055,6.066659,53.204502,5.861179,53.172584,medium
long_0055,5.918205,53.190796,6.650357,53.252619,long
short_0056,6.084320,53.189100,6.086625,53.186695,short
medium_0056,6.058036,53.142928,6.068311,53.201047,medium
long_0056,5.649972,52.899282,5.773930,53.201764,long
short_0057,6.425564,52.987364,6.421812,52.986375,short
medium_0057,5.741870,53.278795,5.626818,53.167311,medium
long_0057,6.218266,52.976446,5.442954,53.063093,long
short_0058,6.628318,53.199389,6.560387,53.211800,short
medium_0058,6.758680,52.876733,6.402835,52.863134,medium
long_0058,6.397129,52.768118,5.800630,52.829652,long
short_0059,6.803736,52.833338,6.765140,52.864101,short
medium_0059,5.673600,53.033051,5.736222,53.118620,medium
long_0059,6.245383,53.305859,6.764971,53.384101,long
short_0060,6.129689,53.221106,6.138638,53.246810,short
medium_0060,6.808361,53.161380,6.889439,53.085863,medium
long_0060,6.638001,52.941580,5.593261,52.886994,long
short_0061,6.626250,53.074713,6.637978,53.059621,short
medium_0061,5.671026,53.154827,5.592527,53.193851,medium
long_0061,5.946396,52.876924,6.407511,53.157127,long
short_0062,6.798549,53.011999,6.849199,53.017650,short
medium_0062,7.047068,53.003753,6.870280,52.972823,medium
long_0062,7.079124,52.853917,5.518592,52.844648,long
short_0063,6.640453,52.714860,6.630001,52.720550,short
medium_0063,6.559638,53.159182,6.620514,53.397760,medium
long_0063,7.012359,53.234835,6.255641,53.112667,long
short_0064,6.199428,53.185580,6.201831,53.147049,short
medium_0064,6.452620,53.391101,6.495898,53.294453,medium
long_0064,7.095134,52.834757,6.662394,53.028903,long
short_0065,6.230573,52.945987,6.229538,52.944531,short
medium_0065,6.899190,52.833538,6.939787,52.901448,medium
long_0065,6.982253,53.031022,5.457498,53.069470,long
short_0066,5.478574,52.959453,5.486334,52.980432,short
medium_0066,6.729640,53.009583,6.452472,52.951241,medium
long_0066,5.531715,53.248873,5.947304,53.010937,long
short_0067,6.586046,52.956015,6.561538,52.919524,short
medium_0067,7.140959,53.059608,6.932655,53.004038,medium
long_0067,6.444165,53.115303,6.771236,53.317023,long
short_0068,6.347222,53.004581,6.303163,52.988324,short
medium_0068,6.127207,53.098873,5.961410,53.282610,medium
long_0068,5.785734,52.912552,5.972841,53.174304,long
short_0069,5.740976,53.316903,5.788335,53.341478,short
medium_0069,5.994028,53.320015,6.238723,53.226624,medium
long_0069,6.139562,53.027706,6.999005,52.837414,long
short_0070,5.592441,52.877607,5.529596,52.888046,short
medium_0070,6.739372,52.741904,6.504475,52.658966,medium
long_0070,6.328826,53.352135,5.675535,53.291698,long
short_0071,6.555867,53.008068,6.511902,53.029706,short
medium_0071,5.603634,53.284460,5.929267,53.289636,medium
long_0071,7.066132,52.867955,7.198354,53.203162,long
short_0072,6.117778,52.916096,6.138236,52.915770,short
medium_0072,5.556340,52.924716,5.709355,52.963117,medium
long_0072,6.778795,53.109335,6.232435,53.163800,long
short_0073,5.560264,53.014743,5.580355,53.002622,short
medium_0073,6.821124,52.891070,7.031301,52.820299,medium
long_0073,6.399028,53.135167,6.738766,52.918572,long
short_0074,6.333924,52.944051,6.280587,52.957530,short
medium_0074,6.996355,53.044387,6.840235,53.232636,medium
long_0074,6.469592,52.634937,7.015223,52.790277,long
short_0075,5.696621,53.171040,5.726132,53.134039,short
medium_0075,5.734892,53.064563,5.456663,52.919272,medium
long_0075,6.745329,53.002044,6.262219,52.944903,long
short_0076,6.223695,53.228663,6.176251,53.229798,short
medium_0076,6.041572,52.890901,5.860852,52.863836,medium
long_0076,5.747474,52.972025,6.943637,52.854513,long
short_0077,6.306497,52.716674,6.283316,52.706566,short
medium_0077,7.010063,53.006842,7.136000,53.048044,medium
long_0077,6.891400,53.208431,6.675799,52.813374,long
short_0078,5.848402,53.337451,5.804730,53.343211,short
medium_0078,6.657304,53.220177,6.469821,53.244265,medium
long_0078,5.563403,53.188652,6.056000,53.088053,long
short_0079,7.095837,53.002605,7.091577,52.976417,short
medium_0079,6.190167,53.240238,6.132644,53.183223,medium
long_0079,6.743543,53.263539,6.458175,52.634601,long
short_0080,5.441073,53.171034,5.441720,53.168138,short
medium_0080,5.552665,53.112920,5.442401,53.180818,medium
long_0080,5.817092,52.830580,6.028573,53.139198,long
short_0081,6.324585,52.974089,6.264115,52.964712,short
medium_0081,6.061519,53.324352,5.900544,53.152926,medium
long_0081,6.468359,53.322884,6.285269,52.990067,long
short_0082,6.054311,53.352069,6.046137,53.330172,short
medium_0082,6.337323,53.113612,6.065747,53.215094,medium
long_0082,6.681477,52.924701,6.987986,52.645694,long
short_0083,5.413885,53.078569,5.459117,53.098570,short
medium_0083,6.698816,53.252806,6.640963,53.292867,medium
long_0083,5.863974,53.392149,6.015025,52.985954,long
short_0084,6.079567,52.982572,6.088981,52.981828,short
medium_0084,6.196577,52.999569,6.335049,52.931314,medium
long_0084,6.918614,52.969821,6.730689,52.651001,long
short_0085,6.235881,52.925048,6.244781,52.938975,short
medium_0085,6.694563,52.988835,6.551747,52.969450,medium
long_0085,6.726999,52.944685,6.500929,52.710376,long
short_0086,7.182256,52.998430,7.146631,52.971093,short
medium_0086,6.176030,53.017885,6.143019,53.123223,medium
long_0086,6.850774,52.783185,5.532591,52.910299,long
short_0087,6.768130,52.659419,6.811642,52.660210,short
medium_0087,6.513302,53.171086,6.655591,52.990177,medium
long_0087,5.626969,53.213435,6.991029,53.249301,long
short_0088,6.331032,52.809577,6.377560,52.810907,short
medium_0088,5.865813,53.207581,5.617951,53.181653,medium
long_0088,7.014650,52.939936,6.168670,53.068033,long
short_0089,6.477403,52.897111,6.493941,52.906580,short
medium_0089,6.597670,52.916133,6.339891,52.750841,medium
long_0089,7.140402,52.953101,6.662508,53.062500,long
short_0090,6.416713,53.286430,6.369885,53.274433,short
medium_0090,6.736602,53.116845,7.076980,53.204479,medium
long_0090,6.538452,52.777637,6.350153,53.087474,long
short_0091,6.118807,52.907027,6.065000,52.890931,short
medium_0091,6.719493,52.846656,6.861534,52.848037,medium
long_0091,6.648720,53.158343,6.177968,53.007108,long
short_0092,6.864626,52.835933,6.834727,52.843915,short
medium_0092,5.826377,53.201180,6.158392,53.174535,medium
long_0092,6.454106,53.088584,7.042950,53.295077,long
short_0093,6.217800,52.878619,6.164772,52.886901,short
medium_0093,6.712666,52.763838,6.690126,52.961832,medium
long_0093,7.061701,53.186963,6.786506,52.905754,long
short_0094,7.066714,53.274809,7.017774,53.285507,short
medium_0094,6.166524,52.761788,6.384391,52.626392,medium
long_0094,6.973448,53.125788,6.503888,52.748202,long
short_0095,6.480596,53.130975,6.481528,53.134147,short
medium_0095,6.255983,53.234664,6.415468,53.230528,medium
long_0095,6.315382,52.985064,6.589373,53.256972,long
short_0096,5.745824,52.841807,5.802302,52.820185,short
medium_0096,6.727394,53.062812,6.654270,52.881822,medium
long_0096,6.830192,52.982248,6.793879,53.274288,long
short_0097,5.779444,53.095849,5.795168,53.074246,short
medium_0097,6.621777,52.835990,6.615784,52.724682,medium
long_0097,6.730171,53.284756,6.916816,52.988536,long
short_0098,5.829753,53.050850,5.874694,53.038210,short
medium_0098,6.474447,53.009437,6.361675,53.128749,medium
long_0098,6.242836,52.855486,5.804012,52.923206,long
short_0099,5.997209,53.195213,6.009464,53.233713,short
medium_0099,5.460585,52.928140,5.447994,52.857540,medium
long_0099,6.320886,52.742883,6.183154,53.037334,long
short_0100,5.701825,53.071750,5.735959,53.069333,short
medium_0100,6.108160,53.288039,6.200505,53.243705,medium
long_0100,6.559532,53.206269,5.988697,53.013773,long
short_0101,6.801088,53.314860,6.753174,53.343623,short
medium_0101,6.497672,52.940968,6.618233,52.807908,medium
long_0101,6.984800,52.756395,5.993596,52.895235,long
short_0102,6.369493,52.910781,6.395328,52.881048,short
medium_0102,7.044265,53.260664,6.975204,53.221563,medium
long_0102,6.218811,52.678973,6.281133,53.207919,long
short_0103,6.969454,53.224969,6.970665,53.203313,short
medium_0103,5.825552,52.949030,5.516284,53.111216,medium
long_0103,6.688205,52.701473,5.822785,53.263868,long
short_0104,6.697276,53.296359,6.680452,53.321256,short
medium_0104,6.464946,52.946182,6.829573,52.875553,medium
long_0104,6.371424,52.719711,5.987458,53.055962,long
short_0105,5.845587,52.953044,5.850687,52.955298,short
medium_0105,6.484295,53.307825,6.500542,53.168731,medium
long_0105,6.198251,53.088803,6.588492,53.246357,long
short_0106,5.838508,53.284012,5.827529,53.296954,short
medium_0106,5.766156,52.995684,6.149573,53.078980,medium
long_0106,5.612013,52.985253,6.749524,53.302543,long
short_0107,6.202031,53.098711,6.139698,53.082949,short
medium_0107,6.682736,53.200163,6.785022,53.154883,medium
long_0107,5.990928,52.983523,6.437548,52.655266,long
short_0108,6.713604,52.867470,6.771501,52.885433,short
medium_0108,6.034382,53.239770,6.254479,53.023577,medium
long_0108,6.790861,52.825777,5.874346,53.034723,long
short_0109,5.916723,53.047514,5.881338,53.074801,short
medium_0109,6.773651,53.036640,7.005999,52.922654,medium
long_0109,6.421351,52.750280,7.094614,53.228835,long
short_0110,5.715275,53.192419,5.710364,53.147703,short
medium_0110,6.076596,53.042758,6.466279,53.091197,medium
long_0110,6.954561,52.918367,6.049446,53.359010,long
short_0111,6.108223,53.392392,6.148191,53.359996,short
medium_0111,6.639036,53.081564,6.558057,53.158476,medium
long_0111,6.646573,53.296384,5.579894,52.910389,long
short_0112,5.608178,52.880409,5.589630,52.881347,short
medium_0112,5.604054,53.039702,5.856648,52.987697,medium
long_0112,6.147300,53.069719,6.807550,52.880516,long
short_0113,6.361151,52.975311,6.361974,52.976609,short
medium_0113,6.776151,52.756110,6.868495,52.777473,medium
long_0113,7.173481,53.101068,5.689096,52.924624,long
short_0114,6.675589,53.174065,6.676859,53.180859,short
medium_0114,6.795909,53.065724,6.913224,53.016283,medium
long_0114,6.902963,52.904310,6.705293,53.249989,long
short_0115,6.789856,52.985567,6.805977,52.978255,short
medium_0115,6.943942,52.930246,6.779696,52.852393,medium
long_0115,6.404899,53.246818,7.187692,53.232208,long
short_0116,6.938001,52.716486,6.961862,52.697658,short
medium_0116,6.881275,53.389515,6.618390,53.229183,medium
long_0116,6.604373,53.023523,6.440377,53.358096,long
short_0117,6.684503,53.411786,6.706219,53.406670,short
medium_0117,6.411302,53.284073,6.081571,53.361980,medium
long_0117,6.138549,53.221818,6.644817,53.382029,long
short_0118,5.854698,53.327719,5.880219,53.323420,short
medium_0118,6.372855,52.831970,6.319537,52.751117,medium
long_0118,6.582797,53.037745,6.845410,52.670593,long
short_0119,6.153995,53.393383,6.108280,53.373379,short
medium_0119,5.895487,53.341462,5.864498,53.185655,medium
long_0119,6.360503,53.130141,5.460851,52.967408,long
short_0120,6.011012,53.328963,6.032339,53.317881,short
medium_0120,6.126531,52.979535,6.378249,52.962202,medium
long_0120,6.617234,53.403583,5.820304,53.168844,long
short_0121,6.616875,53.240734,6.638399,53.226154,short
medium_0121,5.726625,53.197733,5.616978,53.196465,medium
long_0121,5.719798,53.432893,5.948977,53.175726,long
short_0122,6.593103,52.963644,6.650733,52.968603,short
medium_0122,6.835056,52.852932,6.888716,52.803294,medium
long_0122,6.025595,53.321753,5.519436,53.021704,long
short_0123,6.545965,52.780354,6.505122,52.811685,short
medium_0123,6.086472,53.069832,6.013867,53.115847,medium
long_0123,6.472979,53.100067,6.035283,52.969875,long
short_0124,6.719675,52.779411,6.710847,52.795677,short
medium_0124,5.476825,53.096410,5.605629,53.180096,medium
long_0124,5.496500,53.199524,5.425781,52.923188,long
short_0125,6.463653,52.611120,6.518170,52.612030,short
medium_0125,6.720595,53.233430,6.469429,53.199348,medium
long_0125,6.430774,53.070344,6.349581,52.657228,long
short_0126,6.199831,52.754682,6.194415,52.737883,short
medium_0126,6.791411,53.347201,6.832579,53.143896,medium
long_0126,6.707172,52.961591,6.174930,53.218777,long
short_0127,6.806754,52.904644,6.833853,52.908085,short
medium_0127,6.644773,52.836179,6.817935,52.826672,medium
long_0127,5.749314,53.442616,6.555298,52.975162,long
short_0128,5.740553,53.134716,5.750036,53.150588,short
medium_0128,6.765556,52.847244,6.786449,53.034166,medium
long_0128,6.143638,53.388304,5.703034,53.209736,long
short_0129,6.756074,53.445030,6.751687,53.429399,short
medium_0129,6.090695,53.110027,6.037268,52.856784,medium
long_0129,5.716150,52.953457,5.398304,53.180263,long
short_0130,6.741432,53.225850,6.715721,53.213119,short
medium_0130,5.852448,53.134429,5.918879,53.340316,medium
long_0130,6.730225,52.818639,6.716455,53.169479,long
short_0131,5.998806,52.886425,5.935334,52.880204,short
medium_0131,6.547189,52.806622,6.432771,52.715375,medium
long_0131,6.620983,52.856190,6.523141,53.176050,long
short_0132,6.828703,53.288547,6.807783,53.298954,short
medium_0132,6.602846,53.304769,6.834954,53.135508,medium
long_0132,6.079902,53.267238,7.063309,53.070221,long
short_0133,6.709523,52.881309,6.688730,52.864639,short
medium_0133,5.699194,53.080363,5.633811,53.189331,medium
long_0133,6.199837,53.467952,6.420675,52.920353,long
short_0134,6.485391,53.136878,6.462994,53.135062,short
medium_0134,6.780440,53.018207,6.786502,52.906889,medium
long_0134,6.237008,53.257739,6.767702,53.441832,long
short_0135,6.450379,52.652086,6.464346,52.642649,short
medium_0135,7.170539,52.992929,7.041791,52.969652,medium
long_0135,5.745031,53.235002,6.505262,53.233955,long
short_0136,5.795822,53.093376,5.793826,53.096258,short
medium_0136,6.129455,53.378768,6.144905,53.325035,medium
long_0136,6.053396,53.315778,6.024371,52.829484,long
short_0137,6.538805,53.060721,6.512109,53.090991,short
medium_0137,6.600746,53.054495,6.391246,53.120172,medium
long_0137,7.240159,53.233350,6.767266,53.261541,long
short_0138,6.766290,52.648578,6.825316,52.658457,short
medium_0138,6.515103,52.828121,6.831247,52.735385,medium
long_0138,6.476580,53.022418,5.782871,52.860959,long
short_0139,6.733362,52.814280,6.687698,52.830913,short
medium_0139,5.781862,52.933163,6.216721,52.876599,medium
long_0139,5.433836,53.076183,6.016764,53.235343,long
short_0140,6.517208,53.167737,6.575981,53.146659,short
medium_0140,5.869594,53.050512,5.657448,53.251547,medium
long_0140,6.748600,52.888929,6.997221,53.219560,long
short_0141,6.899743,53.232646,6.888082,53.221267,short
medium_0141,7.121229,53.166391,6.962025,53.048434,medium
long_0141,6.051938,53.060094,5.579066,53.222948,long
short_0142,6.141718,53.148348,6.145504,53.144644,short
medium_0142,5.753885,53.274330,5.879435,53.295258,medium
long_0142,6.745118,53.025085,6.517303,52.718947,long
short_0143,6.532496,53.382535,6.527455,53.375832,short
medium_0143,5.788588,52.855399,5.870619,52.841545,medium
long_0143,6.735755,53.097560,6.168983,52.903813,long
short_0144,5.603169,53.203114,5.664016,53.223969,short
medium_0144,5.890192,52.988987,5.961571,53.003836,medium
long_0144,5.495267,53.142624,6.327391,53.146338,long
short_0145,6.903773,52.803850,6.905704,52.785118,short
medium_0145,6.831466,52.747495,6.942242,52.808316,medium
long_0145,6.228298,52.690459,6.649895,52.872848,long
short_0146,6.298851,53.317511,6.320258,53.288289,short
medium_0146,6.597847,53.129263,6.487006,53.157694,medium
long_0146,7.011155,52.868646,6.148148,52.736280,long
short_0147,6.687188,53.360200,6.641796,53.372043,short
medium_0147,5.931331,53.283249,6.047620,53.277361,medium
long_0147,7.057003,52.954857,6.250775,52.973869,long
short_0148,6.064744,53.215520,6.053673,53.180271,short
medium_0148,5.506046,53.066761,5.492102,53.219291,medium
long_0148,5.176139,53.003178,5.921640,53.182369,long
short_0149,6.831321,52.672858,6.881671,52.701055,short
medium_0149,6.508254,53.272256,6.264968,53.248033,medium
long_0149,6.800947,53.445914,6.869590,53.076860,long
short_0150,7.176287,53.205859,7.134763,53.200055,short
medium_0150,6.567698,53.339548,6.443229,53.356135,medium
long_0150,6.385036,53.332404,5.178835,53.002235,long
short_0151,7.062384,53.165274,7.076435,53.182497,short
medium_0151,5.538363,53.102492,5.834238,53.272351,medium
long_0151,6.954260,53.235409,6.468131,53.342032,long
short_0152,6.957844,53.000625,6.985103,52.961442,short
medium_0152,6.788213,53.014069,6.586620,52.993704,medium
long_0152,6.612940,52.968488,6.305564,52.710054,long
short_0153,6.221526,52.935621,6.192779,52.953603,short
medium_0153,6.190938,53.158758,5.802940,53.104811,medium
long_0153,6.814871,53.428704,6.212930,53.142378,long
short_0154,6.131886,53.143355,6.073686,53.124669,short
medium_0154,6.315183,53.176725,6.444659,53.311789,medium
long_0154,6.711062,53.093216,6.187619,53.091028,long
short_0155,6.552478,52.964571,6.559287,52.921467,short
medium_0155,6.322867,53.162111,5.888643,53.142390,medium
long_0155,6.457024,52.982041,7.111862,52.991026,long
short_0156,5.388274,53.073329,5.369383,53.087743,short
medium_0156,6.433072,53.216092,6.279451,53.327308,medium
long_0156,6.696348,53.449178,6.274782,53.337956,long
short_0157,5.591338,52.868103,5.547033,52.860695,short
medium_0157,6.314929,53.138732,6.113276,52.926362,medium
long_0157,7.224355,53.205841,6.486129,53.380600,long
short_0158,6.170372,52.987831,6.188179,52.972711,short
medium_0158,6.479569,52.992282,6.635327,52.978295,medium
long_0158,6.672793,53.238700,6.722542,52.830089,long
short_0159,6.574424,52.734561,6.548735,52.735037,short
medium_0159,7.090568,53.115737,6.930176,53.024887,medium
long_0159,6.660453,53.085626,6.467030,52.744983,long
short_0160,6.441552,52.671614,6.484472,52.707954,short
medium_0160,6.317076,53.139682,6.662184,53.069657,medium
long_0160,5.745280,52.883569,6.737213,53.340976,long
short_0161,6.718793,52.918331,6.706673,52.916672,short
medium_0161,5.992955,53.086961,6.109143,53.143692,medium
long_0161,6.428774,52.709831,7.013124,53.005731,long
short_0162,6.454718,53.063676,6.454611,53.035862,short
medium_0162,6.910597,52.882361,6.665747,52.852238,medium
long_0162,6.591137,53.207359,5.903216,53.340349,long
short_0163,6.440536,53.058959,6.450452,53.074658,short
medium_0163,6.166624,52.840813,6.165562,52.752251,medium
long_0163,6.881721,53.021565,6.482452,52.848063,long
short_0164,6.488788,52.651659,6.533027,52.649170,short
medium_0164,6.798604,52.725341,6.958722,52.788093,medium
long_0164,6.822518,52.768733,6.409261,53.170104,long
short_0165,6.875268,52.683598,6.924437,52.706096,short
medium_0165,6.512331,52.822497,6.389271,52.748895,medium
long_0165,6.282364,53.326625,6.467044,52.999821,long
short_0166,6.855731,53.470012,6.818204,53.491326,short
medium_0166,6.265582,52.791394,6.249333,52.957409,medium
long_0166,5.936809,53.134105,6.938696,52.855827,long
short_0167,5.774159,53.210514,5.791127,53.205725,short
medium_0167,5.435046,53.106100,5.738595,53.283185,medium
long_0167,6.163335,52.685069,5.692020,52.926547,long
short_0168,6.424050,52.736473,6.431572,52.733547,short
medium_0168,6.630254,53.311862,6.550050,53.167658,medium
long_0168,6.906017,53.272302,6.636802,52.811641,long
short_0169,6.696228,53.362566,6.654868,53.340453,short
medium_0169,6.134665,52.734880,6.370485,52.892086,medium
long_0169,6.684584,52.875665,5.928120,52.848490,long
short_0170,6.036117,52.826546,6.056347,52.827245,short
medium_0170,5.719771,52.931072,5.640137,53.011276,medium
long_0170,6.156728,52.840629,6.847290,52.947613,long
short_0171,6.429296,52.776296,6.363943,52.777239,short
medium_0171,5.946739,52.946140,6.151982,53.128375,medium
long_0171,5.712100,52.976389,6.159209,53.444827,long
short_0172,6.679340,53.251508,6.723941,53.229630,short
medium_0172,5.857475,53.186113,5.938534,53.276153,medium
long_0172,5.579113,53.226189,6.036212,52.979039,long
short_0173,6.851899,53.187535,6.848444,53.180307,short
medium_0173,5.675487,53.226648,5.766444,53.207090,medium
long_0173,5.873726,52.810749,6.385264,53.360876,long
short_0174,6.790897,53.082977,6.820004,53.070217,short
medium_0174,6.342116,52.894382,6.566729,52.668884,medium
long_0174,6.228399,53.396150,5.725404,52.899625,long
short_0175,6.329071,52.830581,6.390243,52.825595,short
medium_0175,7.192169,53.185734,6.812460,53.255658,medium
long_0175,6.107663,53.078646,7.028174,52.651898,long
short_0176,7.147364,53.077646,7.151417,53.080073,short
medium_0176,5.963292,53.150998,6.062803,53.347142,medium
long_0176,6.331827,52.780927,6.840119,53.108709,long
short_0177,6.180823,52.931418,6.206266,52.896651,short
medium_0177,6.330344,52.686810,6.166852,52.680468,medium
long_0177,7.032636,52.849507,6.903040,53.264172,long
short_0178,6.181672,53.264593,6.202686,53.241192,short
medium_0178,6.344909,52.969258,6.274277,53.001270,medium
long_0178,6.240327,53.293396,5.617223,52.863216,long
short_0179,5.846517,52.917990,5.890872,52.883971,short
medium_0179,6.480267,52.782875,6.590952,52.699342,medium
long_0179,5.782084,52.947247,6.430470,53.183525,long
short_0180,6.371779,53.023586,6.418937,53.023577,short
medium_0180,6.733400,53.148773,6.556683,53.238805,medium
long_0180,6.434039,53.390642,6.862538,53.103599,long
short_0181,5.733791,53.200987,5.732719,53.228934,short
medium_0181,5.560018,53.138637,5.819678,53.115282,medium
long_0181,5.624562,52.971968,6.940059,53.305433,long
short_0182,6.680902,52.996593,6.722523,53.001226,short
medium_0182,6.531770,53.317506,6.700667,53.313251,medium
long_0182,6.243565,52.922473,6.662274,53.167693,long
short_0183,5.686742,53.426180,5.627384,53.438987,short
medium_0183,5.845142,53.066867,5.995870,53.097070,medium
long_0183,6.296237,53.130981,6.785654,53.161960,long
short_0184,5.750160,53.247152,5.733126,53.246373,short
medium_0184,5.728869,53.144122,5.728444,53.230105,medium
long_0184,6.572373,53.362852,6.742042,52.847630,long
short_0185,5.756731,52.933560,5.795972,52.943052,short
medium_0185,5.988360,53.324034,6.434428,53.288630,medium
long_0185,6.675338,53.270359,7.040811,52.764785,long
short_0186,6.972744,53.136124,6.995071,53.164475,short
medium_0186,6.885438,52.844239,6.710100,52.775630,medium
long_0186,6.542355,53.229734,5.661357,53.009183,long
short_0187,7.180078,53.131238,7.158907,53.171675,short
medium_0187,7.047521,52.995376,6.942545,53.004401,medium
long_0187,6.009596,53.092860,6.709095,52.740252,long
short_0188,5.808188,53.192451,5.845221,53.209888,short
medium_0188,7.143036,52.908232,6.984441,52.874475,medium
long_0188,6.312854,53.367560,5.847417,53.396336,long
short_0189,6.714559,52.634983,6.732857,52.651753,short
medium_0189,6.343046,53.133461,6.410112,52.898718,medium
long_0189,6.235337,53.022668,5.894306,53.295978,long
short_0190,6.429841,53.394227,6.441473,53.386109,short
medium_0190,6.641457,52.735513,6.321046,52.704954,medium
long_0190,6.523549,53.106879,5.675430,53.040228,long
short_0191,6.816121,53.330904,6.858136,53.321898,short
medium_0191,6.631190,52.989063,6.469111,52.953910,medium
long_0191,6.885647,52.901847,5.824717,53.105868,long
short_0192,6.198909,53.092424,6.191061,53.108358,short
medium_0192,6.523672,53.086408,6.775670,53.302285,medium
long_0192,6.669743,52.724735,6.790094,53.017969,long
short_0193,5.673890,52.905189,5.739475,52.906431,short
medium_0193,6.310855,53.252859,6.602022,53.078478,medium
long_0193,6.176678,52.832831,5.617852,53.308572,long
short_0194,7.037412,52.973254,7.095087,52.964354,short
medium_0194,5.408703,53.009280,5.691521,53.146353,medium
long_0194,6.363150,52.851428,5.892239,53.193982,long
short_0195,6.384895,53.040365,6.330691,53.040536,short
medium_0195,5.702214,53.067003,5.621275,52.888848,medium
long_0195,5.577791,53.104636,6.545476,52.790539,long
short_0196,5.904846,52.846990,5.916697,52.861312,short
medium_0196,5.733844,53.318394,5.480068,53.243297,medium
long_0196,6.499568,53.204602,6.834199,52.944317,long
short_0197,6.632626,53.120280,6.648116,53.128568,short
medium_0197,6.420497,53.120481,6.737979,53.246944,medium
long_0197,6.205830,52.695977,6.776978,52.856248,long
short_0198,5.857711,53.026898,5.911089,53.009251,short
medium_0198,6.505345,53.050332,6.733701,53.045206,medium
long_0198,5.936585,52.897551,6.501239,52.997717,long
short_0199,5.578449,53.190273,5.586817,53.186032,short
medium_0199,6.264805,52.829633,6.356628,52.877745,medium
long_0199,6.361721,52.912894,6.872356,52.937576,long
short_0200,6.524217,53.042976,6.491873,53.054562,short
medium_0200,6.130739,53.011940,6.010845,53.056521,medium
long_0200,6.956220,53.258321,5.566483,53.112898,long
short_0201,6.278930,52.966209,6.257882,52.976566,short
medium_0201,6.430164,53.414048,6.412542,53.354612,medium
long_0201,6.776135,53.297923,5.412356,53.403216,long
short_0202,6.441664,52.945484,6.396240,52.973098,short
medium_0202,6.935193,53.023604,6.880709,52.839955,medium
long_0202,6.684742,53.210239,6.178849,52.739475,long
short_0203,5.873633,53.127806,5.840972,53.131231,short
medium_0203,6.890543,53.065982,6.640903,53.068332,medium
long_0203,6.579767,53.372740,7.129315,52.930191,long
short_0204,6.548139,53.107934,6.599508,53.106848,short
medium_0204,6.034878,53.068029,5.805434,53.007033,medium
long_0204,6.595041,53.124996,6.630760,53.411978,long
short_0205,6.366166,52.724021,6.379455,52.697655,short
medium_0205,7.141444,53.185298,7.134660,53.051107,medium
long_0205,7.079095,52.817885,6.504831,52.977448,long
short_0206,7.076955,53.034075,7.069298,53.023975,short
medium_0206,6.699332,52.826919,6.723593,52.744920,medium
long_0206,6.335779,53.305639,5.852677,52.825226,long
short_0207,6.468067,52.649505,6.518619,52.623684,short
medium_0207,6.344267,52.890187,6.308654,53.012262,medium
long_0207,5.195741,53.357462,5.661854,53.074745,long
short_0208,6.882391,52.725870,6.928882,52.740765,short
medium_0208,6.106561,53.309708,6.157510,53.225867,medium
long_0208,5.633820,53.162773,6.679238,53.456629,long
short_0209,6.943494,53.037988,6.954191,53.052548,short
medium_0209,5.837544,53.268534,5.957536,53.275676,medium
long_0209,6.189293,52.870179,5.432400,53.152354,long
short_0210,6.453623,53.235471,6.403254,53.246560,short
medium_0210,6.029025,53.247784,5.889309,53.282755,medium
long_0210,6.728019,53.277868,5.872325,53.262882,long
short_0211,6.603531,53.050298,6.633478,53.037817,short
medium_0211,6.880959,53.126741,6.826252,53.076684,medium
long_0211,6.038427,53.002166,5.446052,53.003741,long
short_0212,5.883214,53.265002,5.847745,53.242276,short
medium_0212,6.113810,52.956368,5.918291,53.167788,medium
long_0212,6.481029,52.775334,6.647416,53.243570,long
short_0213,7.008838,52.797032,7.006128,52.790291,short
medium_0213,6.547491,52.815692,6.472285,52.862181,medium
long_0213,6.773704,53.314237,5.860351,53.040802,long
short_0214,6.203252,53.046428,6.216014,53.087176,short
medium_0214,6.105054,52.912836,6.129095,53.050001,medium
long_0214,7.033057,52.741738,6.663816,53.157121,long
short_0215,6.705600,53.408358,6.662912,53.401911,short
medium_0215,5.598403,52.986806,5.801369,53.060758,medium
long_0215,6.285650,53.197339,6.926670,53.327447,long
short_0216,6.567237,52.683576,6.539391,52.681994,short
medium_0216,6.427674,53.016011,6.457207,52.972081,medium
long_0216,5.852701,53.156760,6.571717,52.748922,long
short_0217,5.608004,53.263276,5.591664,53.253546,short
medium_0217,6.009672,53.073994,5.882195,53.058893,medium
long_0217,7.021874,52.669343,6.442939,53.379893,long
short_0218,6.168759,52.881106,6.143821,52.870996,short
medium_0218,6.850425,52.844416,6.606213,53.010371,medium
long_0218,5.703939,53.268395,6.661819,53.401624,long
short_0219,6.960415,53.169204,6.940194,53.186636,short
medium_0219,5.783955,53.216943,5.843594,53.245248,medium
long_0219,6.601057,52.661074,6.168046,52.729101,long
short_0220,6.893916,52.900706,6.881519,52.899991,short
medium_0220,5.632243,53.074178,6.001413,53.188044,medium
long_0220,5.819495,53.183057,6.950285,53.151028,long
short_0221,6.540147,52.781075,6.523361,52.779734,short
medium_0221,7.048932,52.797882,7.006839,52.859464,medium
long_0221,6.750517,53.563435,6.644722,53.191091,long
short_0222,6.377886,52.744249,6.370781,52.737785,short
medium_0222,6.388634,52.977499,6.405356,53.228740,medium
long_0222,5.537725,52.979163,6.034121,52.849538,long
short_0223,5.740404,53.203390,5.703350,53.219674,short
medium_0223,6.806394,53.148619,6.690178,53.201112,medium
long_0223,5.645032,53.085841,6.338298,52.838052,long
short_0224,6.987821,53.140621,7.058378,53.151922,short
medium_0224,6.824685,52.967393,6.724311,52.769187,medium
long_0224,7.010916,53.284589,6.041491,53.067780,long
short_0225,6.168535,53.028378,6.132126,53.014684,short
medium_0225,6.648961,52.872882,6.746599,52.920601,medium
long_0225,5.563338,53.136400,7.117926,52.896076,long
short_0226,6.656645,53.083755,6.670628,53.107185,short
medium_0226,6.093365,53.374504,6.054884,53.282276,medium
long_0226,6.824522,53.392159,6.483929,53.012405,long
short_0227,6.326996,52.889921,6.321476,52.902520,short
medium_0227,5.476574,53.020528,5.517031,53.224938,medium
long_0227,5.487767,52.987051,5.597800,53.289724,long
short_0228,5.853497,53.342056,5.869992,53.337494,short
medium_0228,7.201079,53.112741,7.031556,53.265231,medium
long_0228,6.123528,52.873384,6.421310,53.361611,long
short_0229,5.750031,53.099315,5.706709,53.083029,short
medium_0229,6.194761,53.176841,6.324719,53.374739,medium
long_0229,7.084911,52.862549,5.934571,52.881226,long
short_0230,6.771529,52.825647,6.718409,52.823239,short
medium_0230,5.789925,53.081762,5.701449,53.083468,medium
long_0230,6.454412,53.163208,6.982865,53.284832,long
short_0231,7.112886,53.129064,7.101458,53.108521,short
medium_0231,6.125152,53.291383,5.821143,53.107528,medium
long_0231,6.708700,53.362659,5.639754,53.142797,long
short_0232,7.121104,53.081869,7.114131,53.084740,short
medium_0232,6.452123,52.875100,6.126772,52.858663,medium
long_0232,6.692250,53.207283,6.088112,53.075500,long
short_0233,6.889436,52.647528,6.868147,52.669574,short
medium_0233,6.183207,53.408919,6.193304,53.479813,medium
long_0233,6.762489,52.647269,6.780280,52.931654,long
short_0234,6.974204,53.266182,7.016891,53.264401,short
medium_0234,5.559350,53.017025,5.545118,53.212307,medium
long_0234,6.358555,53.252347,6.734342,52.880401,long
short_0235,7.126605,53.001232,7.081141,53.019889,short
medium_0235,6.315706,52.961785,6.659359,53.075454,medium
long_0235,5.894930,53.312764,5.693084,53.044276,long
short_0236,6.407207,52.651727,6.460990,52.636291,short
medium_0236,6.939407,52.945804,7.040533,52.709316,medium
long_0236,5.413462,52.950390,6.567868,52.899394,long
short_0237,6.551059,53.171221,6.597441,53.166633,short
medium_0237,5.873203,52.986052,5.649218,53.091231,medium
long_0237,6.705298,53.356951,5.904668,53.331458,long
short_0238,6.678856,52.757539,6.685597,52.725257,short
medium_0238,5.873863,52.931281,5.853143,52.814356,medium
long_0238,5.831614,53.297958,6.149212,52.709811,long
short_0239,5.611109,52.874757,5.621301,52.881978,short
medium_0239,6.766235,52.841126,7.011878,52.925344,medium
long_0239,5.493379,53.216899,6.237694,53.108473,long
short_0240,7.083674,52.805237,7.081212,52.784564,short
medium_0240,6.548281,53.265559,6.350305,53.297320,medium
long_0240,5.583351,53.199776,6.053237,53.007783,long
short_0241,7.025332,52.875050,6.965979,52.888555,short
medium_0241,6.746493,53.335941,6.389541,53.332098,medium
long_0241,6.917964,53.014474,6.315009,53.365181,long
short_0242,6.623779,52.816706,6.559195,52.824109,short
medium_0242,6.778487,52.882250,6.890996,52.819744,medium
long_0242,6.522105,53.078137,5.980037,52.957863,long
short_0243,7.040390,52.666146,7.031898,52.666461,short
medium_0243,5.677744,53.196290,5.827799,53.179638,medium
long_0243,6.957086,52.744481,5.998568,52.965303,long
short_0244,5.791509,52.813671,5.792182,52.808167,short
medium_0244,5.464182,52.901414,5.561274,53.123705,medium
long_0244,6.408900,52.628597,5.747690,52.992577,long
short_0245,6.601578,53.287025,6.612108,53.318527,short
medium_0245,6.707932,52.625830,6.288703,52.706445,medium
long_0245,6.439960,53.159135,6.684681,52.834677,long
short_0246,6.779748,53.193887,6.783375,53.195915,short
medium_0246,5.811401,53.073413,5.655197,53.091712,medium
long_0246,6.202654,53.311819,5.612770,53.107124,long
short_0247,6.704427,52.665145,6.719352,52.657277,short
medium_0247,6.397555,53.376831,6.282971,53.367204,medium
long_0247,6.451303,53.298748,6.166974,52.864534,long
short_0248,5.615797,53.285638,5.592372,53.290028,short
medium_0248,5.929993,53.359806,5.973070,53.237402,medium
long_0248,5.834383,52.935159,7.131021,53.335771,long
short_0249,5.772961,53.132226,5.782703,53.127602,short
medium_0249,6.490537,52.911353,6.240720,53.092539,medium
long_0249,6.568225,52.726817,6.291469,53.062306,long
short_0250,7.194736,53.182059,7.205057,53.186788,short
medium_0250,5.793600,53.011286,6.035590,52.985593,medium
long_0250,6.421883,52.990673,6.010836,53.105799,long
short_0251,5.816786,53.117556,5.822273,53.105628,short
medium_0251,6.839944,53.250854,6.974515,53.012892,medium
long_0251,6.893183,53.136818,6.199418,53.404530,long
short_0252,5.903622,53.001803,5.911236,53.006407,short
medium_0252,6.875620,53.168618,6.734829,53.230514,medium
long_0252,6.863987,53.050073,6.248053,53.143745,long
short_0253,7.150636,53.198851,7.156398,53.196963,short
medium_0253,6.880797,52.664388,7.021349,52.859030,medium
long_0253,6.158656,53.266483,5.566305,53.182940,long
short_0254,6.322680,52.729491,6.308240,52.703132,short
medium_0254,6.307306,52.887153,6.466105,53.128188,medium
long_0254,6.145541,53.225789,6.228768,52.769441,long
short_0255,6.548244,53.018912,6.519102,53.019893,short
medium_0255,5.943820,53.375910,5.804602,53.198236,medium
long_0255,6.488728,53.007458,6.913405,53.167745,long
short_0256,6.664505,53.334553,6.664640,53.335975,short
medium_0256,6.491038,53.225049,6.132665,53.090955,medium
long_0256,5.734790,53.298089,6.584747,53.388916,long
short_0257,6.384639,53.223299,6.410404,53.209852,short
medium_0257,6.714921,53.177258,6.624417,53.364494,medium
long_0257,7.209670,53.189604,6.503245,52.989527,long
short_0258,6.256792,52.736916,6.261288,52.701243,short
medium_0258,6.009681,53.258876,6.091270,53.346524,medium
long_0258,5.621440,52.968505,6.243698,52.847643,long
short_0259,6.254584,53.254722,6.267312,53.256048,short
medium_0259,6.505982,53.088624,6.846642,52.976526,medium
long_0259,6.889668,52.790625,6.642464,53.275350,long
short_0260,6.817698,53.451369,6.777418,53.427875,short
medium_0260,6.522708,53.102546,6.188068,53.037679,medium
long_0260,7.081000,52.934480,6.158635,53.007160,long
short_0261,6.904912,52.752375,6.869671,52.738622,short
medium_0261,6.576379,53.122762,6.694686,53.055394,medium
long_0261,6.340820,52.892321,5.852462,53.066636,long
short_0262,6.490876,52.959294,6.540377,52.963387,short
medium_0262,6.677073,52.933206,6.672947,52.882357,medium
long_0262,5.867590,53.273407,6.975303,53.185907,long
short_0263,6.539508,52.621698,6.517161,52.617092,short
medium_0263,6.611844,52.983779,6.434790,52.777001,medium
long_0263,6.507525,52.795070,6.382793,53.218862,long
short_0264,6.313042,53.151423,6.268801,53.156163,short
medium_0264,6.915912,53.012958,6.749124,53.134346,medium
long_0264,6.322832,52.767464,6.850353,53.008958,long
short_0265,6.914884,52.661427,6.923483,52.656609,short
medium_0265,5.632186,53.195512,5.801439,53.170202,medium
long_0265,6.812498,53.296403,6.145954,53.146339,long
short_0266,5.886102,52.892339,5.935515,52.867394,short
medium_0266,6.308509,52.688554,6.245986,52.713995,medium
long_0266,6.662014,52.834288,6.487666,53.372135,long
short_0267,6.822170,53.205156,6.887851,53.210093,short
medium_0267,6.528224,52.827805,6.479841,53.086896,medium
long_0267,6.634729,52.900123,6.920753,53.183973,long
short_0268,5.782368,53.008926,5.793772,52.987909,short
medium_0268,6.379899,53.414667,6.215262,53.392826,medium
long_0268,6.907824,53.284763,6.392230,53.407631,long
short_0269,5.777041,53.289419,5.752500,53.248529,short
medium_0269,6.494784,53.193721,6.690894,53.185223,medium
long_0269,6.679317,53.372406,6.528396,53.000216,long
short_0270,6.266828,52.713382,6.265566,52.751632,short
medium_0270,6.976126,53.155390,6.847366,53.282992,medium
long_0270,6.909302,53.312849,6.147164,53.001448,long
short_0271,6.483307,52.992612,6.418750,52.988187,short
medium_0271,6.459108,53.166036,6.541175,53.118784,medium
long_0271,7.068542,53.168112,6.369873,53.252996,long
short_0272,6.421409,53.352772,6.433846,53.337800,short
medium_0272,6.211044,53.317558,6.483372,53.397672,medium
long_0272,6.463360,52.822157,5.901049,52.896812,long
short_0273,7.076781,52.990519,7.072156,52.980989,short
medium_0273,6.966511,52.803636,6.856790,52.726870,medium
long_0273,6.794209,53.435339,6.521246,52.993701,long
short_0274,6.664532,52.857130,6.650601,52.884118,short
medium_0274,5.770210,53.238073,6.033600,53.314718,medium
long_0274,5.531016,52.843553,7.112938,52.926997,long
short_0275,6.930399,52.668077,6.909096,52.664392,short
medium_0275,6.224519,53.165549,6.408820,53.063148,medium
long_0275,6.033262,53.020405,6.808117,52.997948,long
short_0276,6.289529,52.846259,6.313892,52.842804,short
medium_0276,7.074317,53.058432,6.904455,53.293241,medium
long_0276,6.241894,52.825668,6.992663,53.101538,long
short_0277,5.933698,53.270308,5.946832,53.310478,short
medium_0277,5.602718,53.255873,5.563634,53.028502,medium
long_0277,6.803886,52.739627,6.264635,53.148047,long
short_0278,6.430419,53.029543,6.469113,53.008171,short
medium_0278,6.718356,52.675749,6.581675,52.778511,medium
long_0278,6.123127,53.146043,6.411523,52.892013,long
short_0279,6.950325,52.959839,6.933313,52.945713,short
medium_0279,6.566049,53.166795,6.509434,53.027968,medium
long_0279,6.084433,52.997924,7.007853,53.044055,long
short_0280,6.731439,53.012078,6.768500,52.984711,short
medium_0280,6.503650,52.971032,6.420409,53.135107,medium
long_0280,5.576536,52.965338,6.844185,52.994069,long
short_0281,6.478763,52.675367,6.473261,52.674910,short
medium_0281,6.311803,52.925812,6.328174,53.029248,medium
long_0281,7.153146,53.000312,6.568883,53.321546,long
short_0282,7.071538,52.890088,7.046936,52.863745,short
medium_0282,6.129275,53.085842,5.829145,53.251667,medium
long_0282,6.142694,53.021103,6.736233,52.900337,long
short_0283,6.427683,53.138428,6.385544,53.156412,short
medium_0283,7.058357,52.860519,6.992761,52.980723,medium
long_0283,6.664886,53.160129,5.457927,52.936575,long
short_0284,5.540505,52.831899,5.552503,52.844284,short
medium_0284,6.299886,52.859514,6.290718,53.023595,medium
long_0284,6.768147,53.332285,5.680741,53.098402,long
short_0285,6.995521,52.698187,6.997353,52.686748,short
medium_0285,5.805890,53.148468,5.733897,53.242623,medium
long_0285,5.562617,53.029718,5.731439,53.308535,long
short_0286,6.934241,53.002610,6.914214,53.009562,short
medium_0286,6.595878,53.110653,6.387482,53.196198,medium
long_0286,5.952460,52.977052,5.580237,53.253637,long
short_0287,6.380021,53.346754,6.334530,53.347840,short
medium_0287,6.863958,53.017753,6.549219,52.963772,medium
long_0287,6.422785,53.314045,6.707797,53.103183,long
short_0288,6.053886,52.851191,6.101466,52.838164,short
medium_0288,6.531166,52.622245,6.218228,52.700841,medium
long_0288,6.351239,52.884472,6.743282,52.641541,long
short_0289,6.424797,53.271253,6.418816,53.269599,short
medium_0289,5.442110,53.088848,5.706727,53.047692,medium
long_0289,6.336389,53.292415,6.465494,52.753724,long
short_0290,6.138500,53.005645,6.139181,53.003791,short
medium_0290,6.781342,52.963810,6.515331,52.771933,medium
long_0290,5.996083,52.870292,6.577403,53.283913,long
short_0291,6.166876,53.224229,6.183718,53.234716,short
medium_0291,7.084478,53.082633,6.993700,52.934744,medium
long_0291,6.150857,53.054002,7.163998,53.139913,long
short_0292,7.083995,52.920247,7.084292,52.909284,short
medium_0292,7.139329,53.066079,7.027631,53.266440,medium
long_0292,6.949914,52.967124,6.542569,52.734562,long
short_0293,7.216895,53.078511,7.226920,53.070870,short
medium_0293,6.939283,52.944265,6.874037,53.008625,medium
long_0293,5.607866,52.865675,5.900409,53.148428,long
short_0294,6.455409,53.283652,6.515248,53.275379,short
medium_0294,5.801809,52.875549,5.377532,52.877702,medium
long_0294,6.515888,52.667906,6.320757,53.162435,long
short_0295,6.277631,53.329438,6.300889,53.336281,short
medium_0295,6.098177,53.229154,5.889964,53.143405,medium
long_0295,6.070626,53.319493,5.168749,53.292599,long
short_0296,6.627892,52.999416,6.637147,52.995678,short
medium_0296,6.906902,52.853656,6.660091,52.859442,medium
long_0296,6.377919,53.102413,6.879766,53.150548,long
short_0297,6.494397,52.736209,6.551480,52.759409,short
medium_0297,6.416824,53.218110,6.529519,53.247874,medium
long_0297,6.512044,53.357694,5.524657,53.112938,long
short_0298,6.580310,53.365589,6.559389,53.368690,short
medium_0298,5.162820,53.001848,5.564215,52.930425,medium
long_0298,6.695494,53.196853,5.881606,52.966040,long
short_0299,6.325285,52.835339,6.334979,52.846643,short
medium_0299,7.009073,52.717658,7.016625,52.789204,medium
long_0299,6.782130,52.738980,6.711521,53.279443,long
short_0300,6.292782,53.041396,6.226856,53.025463,short
medium_0300,5.521843,53.026509,5.473338,53.168336,medium
long_0300,5.993005,52.853747,6.814190,53.419384,long
short_0301,5.564429,53.019877,5.631304,53.030945,short
medium_0301,6.666676,53.244951,6.681539,53.173923,medium
long_0301,6.787533,53.295462,6.538362,52.948030,long
short_0302,6.684175,53.421598,6.729458,53.424778,short
medium_0302,6.240320,52.918854,6.413394,52.957734,medium
long_0302,5.678672,53.115956,6.935998,52.964176,long
short_0303,6.167453,53.153099,6.097108,53.145232,short
medium_0303,6.336450,53.336069,6.440017,53.267129,medium
long_0303,7.124104,53.009300,5.760405,53.081477,long
short_0304,6.969466,52.987882,6.938397,52.975424,short
medium_0304,6.807707,52.925477,6.721156,52.943861,medium
long_0304,6.782657,53.400279,6.744726,53.107618,long
short_0305,6.940574,52.715805,6.931675,52.722766,short
medium_0305,5.674988,53.146752,5.956624,53.289229,medium
long_0305,5.541432,53.214609,5.386726,52.889615,long
short_0306,6.316016,52.713301,6.326673,52.671894,short
medium_0306,5.493232,52.868372,5.597217,52.975588,medium
long_0306,6.438115,53.080484,5.870531,53.211349,long
short_0307,6.586148,52.758787,6.579894,52.757987,short
medium_0307,6.356055,52.891149,6.373159,52.728399,medium
long_0307,5.442701,53.122844,5.811958,52.924268,long
short_0308,5.205096,53.356104,5.259448,53.377045,short
medium_0308,6.757801,53.011276,6.622162,52.778485,medium
long_0308,6.458117,53.345833,7.067150,53.130945,long
short_0309,5.518601,52.908736,5.521628,52.897284,short
medium_0309,6.601625,53.049540,6.302958,53.027052,medium
long_0309,6.792349,53.432328,6.923730,53.138799,long
short_0310,6.160697,52.721877,6.184134,52.723577,short
medium_0310,6.693878,53.367982,6.816961,53.291800,medium
long_0310,6.029153,53.168852,6.127823,52.875776,long
short_0311,6.640918,52.804828,6.672610,52.808704,short
medium_0311,6.902517,53.259843,6.628684,53.138198,medium
long_0311,6.888038,52.645786,6.281456,53.341541,long
short_0312,5.436944,53.069196,5.418205,53.103015,short
medium_0312,6.035784,53.145088,5.737240,53.305416,medium
long_0312,5.647717,53.172073,6.859979,52.704384,long
short_0313,6.296046,53.034148,6.282265,53.031543,short
medium_0313,6.597649,52.875545,6.371890,52.857324,medium
long_0313,7.043669,52.706584,6.588193,53.115662,long
short_0314,5.827576,53.126456,5.852792,53.099506,short
medium_0314,6.755741,52.973578,6.834381,53.093025,medium
long_0314,5.791587,53.040162,6.169337,53.195094,long
short_0315,5.387430,52.860639,5.384801,52.865049,short
medium_0315,6.309668,52.795500,6.245767,52.749807,medium
long_0315,5.645795,52.894898,7.023896,52.799561,long
short_0316,6.824758,53.091948,6.787103,53.111693,short
medium_0316,6.810453,52.770518,6.840599,52.846082,medium
long_0316,6.964397,52.893998,6.506021,53.358637,long
short_0317,7.099754,53.133632,7.061421,53.147268,short
medium_0317,6.672667,52.759494,6.663793,52.806133,medium
long_0317,6.506791,53.130524,6.912182,52.995902,long
short_0318,6.189805,52.767041,6.198329,52.758471,short
medium_0318,6.087003,53.351159,6.085296,53.238822,medium
long_0318,5.655671,53.443941,5.914377,53.161339,long
short_0319,6.634519,53.029607,6.634547,53.063481,short
medium_0319,5.442577,53.182151,5.537648,53.047280,medium
long_0319,6.744442,53.032388,6.880063,53.399770,long
short_0320,6.582720,52.892832,6.606225,52.860982,short
medium_0320,6.610249,53.008743,6.388934,52.865421,medium
long_0320,6.851701,52.810180,6.142404,53.181456,long
short_0321,6.875719,53.024778,6.875196,53.053757,short
medium_0321,6.967222,52.871938,6.849302,52.908588,medium
long_0321,6.275038,53.015606,5.990993,53.229858,long
short_0322,6.882586,52.985683,6.877108,53.013689,short
medium_0322,6.089918,53.385303,6.234092,53.208602,medium
long_0322,6.143501,53.387783,5.606158,53.052304,long
short_0323,6.576356,53.190376,6.607297,53.197191,short
medium_0323,6.790794,52.707076,6.883150,52.880412,medium
long_0323,5.537262,53.175249,6.009283,53.256433,long
short_0324,6.185831,52.812857,6.184563,52.805401,short
medium_0324,6.864819,52.827862,6.591080,52.978700,medium
long_0324,5.705713,53.278893,6.223523,53.089622,long
short_0325,6.843569,53.369234,6.865718,53.340972,short
medium_0325,6.780525,52.798982,6.715991,52.722959,medium
long_0325,6.642278,53.437594,6.697893,52.955427,long
short_0326,6.068981,53.097665,6.074044,53.105745,short
medium_0326,5.830176,52.855802,5.950357,52.991705,medium
long_0326,6.452572,52.778658,6.642312,53.276116,long
short_0327,6.756289,52.693322,6.731524,52.702377,short
medium_0327,6.664702,52.655025,6.761750,52.917641,medium
long_0327,6.380003,53.253707,6.123625,52.995666,long
short_0328,6.580969,52.732959,6.551111,52.713505,short
medium_0328,6.453548,52.959397,6.332089,52.826382,medium
long_0328,6.843433,53.148920,6.265514,52.681755,long
short_0329,6.257810,52.694667,6.234007,52.683378,short
medium_0329,6.989354,53.056272,6.634518,53.100229,medium
long_0329,6.027439,53.279084,6.621327,53.223207,long
short_0330,6.348116,52.717120,6.360178,52.720737,short
medium_0330,5.980481,53.346480,6.228855,53.224738,medium
long_0330,6.141862,53.351380,6.538351,52.711285,long
short_0331,7.067559,52.772550,7.054634,52.788862,short
medium_0331,5.733057,52.852930,5.932937,52.880636,medium
long_0331,6.187622,53.014264,5.792817,52.843973,long
short_0332,6.834605,53.062841,6.845592,53.063781,short
medium_0332,6.435919,52.895578,6.737584,52.964464,medium
long_0332,6.365465,53.342402,5.553132,52.865201,long
short_0333,5.905677,53.160804,5.964430,53.147527,short
medium_0333,5.901834,53.009360,5.860733,52.952991,medium
long_0333,7.115317,53.211916,5.910610,52.889179,long
short_0334,6.581850,53.048082,6.607805,53.049588,short
